file,
model.004.00.pdb,[u'THR 2288.D', u'LYS 2492.D', u'ASP 2493.D', u'VAL 2494.D', u'GLY 2495.D', u'GLN 2180.D', u'PHE 2181.D', u'ALA 2334.D', u'MET 2178.D', u'TYR 2328.D', u'VAL 2332.D', u'ARG 2377.D', u'GLU 2378.D', u'VAL 2329.D', u'GLY 2177.D', u'VAL 2380.D', u'THR 2331.D', u'LEU 2381.D', u'THR 2382.D', u'ARG 2388.D', u'PRO 2333.D', u'GLY 2383.D', u'ASP 2384.D', u'HIS 2335.D', u'TYR 2183.D', u'THR 2330.D', u'ILE 2336.D', u'THR 2337.D', u'THR 2287.D']
model.004.01.pdb,[u'MET 494.A', u'THR 646.A', u'GLN 496.A', u'ASP 491.A', u'PHE 497.A', u'ARG 693.A', u'GLY 493.A', u'VAL 696.A', u'ALA 650.A', u'LEU 697.A', u'THR 698.A', u'THR 647.A', u'VAL 648.A', u'LYS 498.A', u'PRO 649.A', u'TYR 499.A', u'HIS 651.A', u'ILE 652.A', u'ARG 704.A', u'LYS 808.A', u'ASP 809.A', u'VAL 810.A', u'GLY 811.A']
model.004.02.pdb,[u'THR 2382.D', u'PRO 2176.D', u'GLY 2177.D', u'VAL 2380.D', u'LEU 2381.D', u'THR 2330.D', u'THR 2331.D', u'PHE 2181.D', u'VAL 2332.D', u'LYS 2182.D', u'TYR 2183.D', u'ALA 2334.D', u'HIS 2335.D', u'ILE 2336.D', u'ARG 2388.D', u'GLN 2180.D', u'ALA 2338.D', u'LYS 2492.D', u'ASP 2493.D', u'VAL 2494.D', u'GLY 2495.D', u'PRO 2333.D']
model.004.03.pdb,[u'THR 1516.C', u'GLN 1314.C', u'GLY 1517.C', u'VAL 1466.C', u'ASP 1518.C', u'TYR 1317.C', u'ALA 1468.C', u'HIS 1469.C', u'PHE 1315.C', u'THR 1471.C', u'PRO 1467.C', u'GLU 388.A', u'VAL 389.A', u'GLN 390.A', u'LYS 391.A', u'ILE 1470.C', u'ARG 1522.C', u'VAL 1514.C', u'LEU 1515.C', u'ASP 1309.C', u'TYR 1462.C', u'GLY 1311.C', u'THR 1464.C', u'MET 1312.C', u'THR 1465.C']
model.004.04.pdb,[u'THR 2331.D', u'PHE 2181.D', u'PRO 2333.D', u'GLN 2180.D', u'PRO 2385.D', u'ARG 2377.D', u'SER 2379.D', u'VAL 2329.D', u'LEU 2381.D', u'THR 2330.D', u'THR 2382.D', u'GLY 2383.D', u'VAL 2332.D', u'ASP 2384.D', u'TYR 2183.D', u'ALA 2334.D', u'HIS 2335.D', u'ILE 2336.D', u'ARG 2388.D', u'LYS 2182.D', u'LYS 2492.D', u'ASP 2493.D', u'VAL 2494.D', u'VAL 2380.D']
model.004.05.pdb,[u'GLU 694.A', u'ALA 650.A', u'HIS 651.A', u'ILE 652.A', u'ARG 704.A', u'LYS 808.A', u'THR 647.A', u'ARG 693.A', u'ARG 743.A', u'ASP 813.A', u'THR 698.A', u'VAL 810.A', u'VAL 696.A', u'LEU 697.A', u'GLY 811.A', u'GLN 496.A', u'ASP 809.A', u'PHE 497.A', u'VAL 648.A', u'PRO 649.A']
model.004.06.pdb,[u'SER 2379.D', u'TYR 2183.D', u'ALA 2387.D', u'GLY 2177.D', u'ASP 2175.D', u'ARG 2388.D', u'GLU 2378.D', u'TYR 2328.D', u'MET 2178.D', u'VAL 2329.D', u'VAL 2380.D', u'LEU 2381.D', u'GLN 2180.D', u'THR 2331.D', u'VAL 2332.D', u'ASP 2384.D', u'PRO 2333.D', u'ALA 2334.D', u'ASP 2386.D', u'HIS 2335.D', u'ILE 2336.D', u'THR 2287.D', u'MET 1.A', u'ALA 2.A', u'THR 2382.D', u'THR 2330.D', u'PHE 2181.D']
model.004.07.pdb,[u'ARG 1245.B', u'VAL 810.A', u'GLY 811.A', u'PHE 982.B', u'TYR 499.A', u'VAL 648.A', u'GLN 986.B', u'LYS 987.B', u'ASP 1240.B', u'LEU 989.B', u'THR 1241.B', u'ASP 1244.B', u'LYS 993.B', u'ASP 825.A', u'MET 1248.B', u'THR 995.B', u'PHE 1247.B', u'PHE 996.B', u'GLN 1258.B', u'VAL 1261.B', u'LEU 697.A', u'VAL 696.A', u'THR 646.A', u'THR 698.A', u'THR 647.A', u'PHE 497.A', u'PRO 649.A', u'ALA 650.A', u'HIS 651.A', u'ILE 652.A', u'ARG 704.A', u'GLY 699.A', u'ALA 654.A']
model.004.08.pdb,[u'LYS 1171.B', u'PHE 1247.B', u'HIS 1172.B', u'VAL 1261.B', u'ALA 1173.B', u'LEU 1174.B', u'PHE 1175.B', u'SER 1262.B', u'LYS 987.B', u'LYS 1265.B', u'ASP 1240.B', u'LEU 989.B', u'ASP 990.B', u'LEU 1260.B', u'LYS 471.A', u'THR 1253.B', u'MET 1248.B', u'ASP 1244.B', u'LYS 993.B', u'GLN 1258.B', u'PRO 1259.B']
model.004.09.pdb,[u'ASP 1309.C', u'ARG 1511.C', u'PRO 1310.C', u'LYS 1233.B', u'TYR 1462.C', u'MET 1312.C', u'VAL 1463.C', u'THR 1464.C', u'GLN 1314.C', u'THR 1465.C', u'GLU 1512.C', u'PHE 1315.C', u'PRO 1467.C', u'GLN 1461.C', u'TYR 1317.C', u'GLU 266.A', u'HIS 1469.C', u'ILE 1470.C', u'THR 1421.C', u'THR 1471.C', u'ALA 1472.C', u'ASP 1234.B', u'GLU 270.A', u'GLU 893.B', u'ASP 1627.C', u'VAL 1628.C', u'GLY 1629.C', u'VAL 1514.C', u'ASP 949.B', u'PHE 950.B', u'LYS 951.B', u'LEU 1515.C', u'LYS 232.A', u'THR 1516.C', u'VAL 389.A', u'GLN 390.A', u'LYS 391.A', u'GLY 1311.C', u'VAL 1466.C', u'ARG 894.B', u'ASN 921.B', u'ALA 1468.C', u'GLU 1030.B']
model.004.10.pdb,[u'ARG 743.A', u'ARG 693.A', u'ALA 650.A', u'TYR 644.A', u'VAL 696.A', u'THR 647.A', u'LEU 697.A', u'THR 698.A', u'PRO 649.A', u'GLY 699.A', u'ASP 700.A', u'HIS 651.A', u'TYR 499.A', u'ILE 652.A', u'ARG 704.A', u'PHE 497.A', u'MET 1685.D', u'ALA 1686.D', u'ILE 1687.D', u'VAL 810.A', u'GLU 694.A', u'GLN 496.A', u'VAL 648.A', u'THR 646.A']
model.004.11.pdb,[u'HIS 976.B', u'PRO 977.B', u'GLU 978.B', u'ALA 979.B', u'SER 980.B', u'ASN 1031.B', u'PHE 982.B', u'GLN 986.B', u'LYS 987.B', u'LEU 989.B', u'ASP 990.B', u'LEU 1260.B', u'ASP 1244.B', u'LYS 993.B', u'ARG 994.B', u'THR 995.B', u'PHE 996.B', u'MET 1248.B', u'THR 1253.B', u'GLN 1258.B', u'PRO 1259.B', u'PHE 1247.B', u'VAL 1261.B', u'SER 1262.B', u'PHE 981.B', u'HIS 1556.C', u'LYS 1171.B', u'HIS 1172.B', u'ALA 1173.B', u'LEU 1174.B', u'PHE 1175.B', u'PRO 1176.B']
model.004.12.pdb,[u'THR 2331.D', u'VAL 2332.D', u'GLN 2180.D', u'GLY 2383.D', u'ALA 2334.D', u'ASP 2384.D', u'TYR 2183.D', u'ILE 2336.D', u'ARG 2388.D', u'THR 2382.D', u'HIS 2335.D', u'VAL 2494.D', u'PHE 2181.D', u'PRO 2333.D', u'PRO 2385.D', u'GLY 2177.D', u'GLU 1588.C', u'SER 1589.C', u'LEU 2381.D', u'TYR 2328.D', u'VAL 2380.D', u'THR 2330.D']
model.004.13.pdb,[u'LYS 808.A', u'ASP 809.A', u'THR 647.A', u'VAL 810.A', u'GLY 811.A', u'ILE 812.A', u'ASP 813.A', u'GLY 818.A', u'GLN 819.A', u'ASN 820.A', u'GLU 266.A', u'HIS 738.A', u'THR 653.A', u'PRO 740.A', u'ARG 693.A', u'ARG 743.A', u'GLU 694.A', u'GLY 493.A', u'TYR 644.A', u'VAL 696.A', u'LEU 697.A', u'THR 698.A', u'PHE 497.A', u'VAL 648.A', u'PRO 649.A', u'TYR 499.A', u'ALA 650.A', u'HIS 651.A', u'ILE 652.A', u'GLN 496.A', u'ARG 704.A', u'ASP 655.A']
model.004.14.pdb,[u'VAL 2329.D', u'THR 2330.D', u'VAL 2380.D', u'PRO 2385.D', u'THR 2331.D', u'VAL 2332.D', u'GLN 2180.D', u'PHE 2181.D', u'ALA 2334.D', u'ASP 2384.D', u'THR 2382.D', u'HIS 2335.D', u'ILE 2336.D', u'GLY 2383.D', u'ARG 2388.D', u'TYR 2183.D', u'PRO 2333.D', u'LEU 2381.D']
model.004.15.pdb,[u'ASP 813.A', u'GLY 818.A', u'GLN 819.A', u'ASN 820.A', u'VAL 821.A', u'VAL 522.A', u'GLU 523.A', u'PRO 524.A', u'ASP 525.A', u'PHE 737.A', u'HIS 738.A', u'ILE 739.A', u'PRO 740.A', u'ASP 491.A', u'ARG 743.A', u'THR 647.A', u'PRO 492.A', u'GLY 493.A', u'MET 494.A', u'GLN 496.A', u'PHE 497.A', u'PRO 649.A', u'HIS 651.A', u'ILE 652.A', u'ASP 655.A']
model.004.16.pdb,[u'ALA 2334.D', u'HIS 2335.D', u'PRO 2385.D', u'ILE 2336.D', u'ARG 2388.D', u'VAL 2494.D', u'GLY 2495.D', u'ASP 2497.D', u'VAL 2380.D', u'GLY 2177.D', u'GLN 2180.D', u'MET 2178.D', u'TYR 2156.D', u'THR 2331.D', u'PHE 2181.D', u'ASP 2175.D', u'ARG 2427.D', u'PRO 2176.D', u'PRO 2333.D', u'SER 2379.D', u'VAL 2329.D', u'LEU 2381.D', u'THR 2330.D', u'THR 2382.D', u'GLY 2383.D', u'VAL 2332.D', u'ASP 2384.D']
model.004.17.pdb,[u'ARG 1601.C', u'ARG 1501.C', u'ILE 1603.C', u'GLY 1604.C', u'PHE 1605.C', u'PRO 1606.C', u'ALA 1607.C', u'PHE 1507.C', u'ALA 1608.C', u'GLU 1508.C', u'ASN 1509.C', u'GLU 1512.C', u'ILE 1602.C', u'LYS 1623.C', u'ASP 2459.D', u'GLU 2460.D', u'GLU 274.A', u'ALA 2463.D', u'ARG 2464.D', u'ARG 2467.D', u'GLY 2470.D', u'PHE 2471.D', u'PRO 2472.D', u'ALA 2473.D', u'GLU 1504.C', u'ALA 2474.D', u'THR 2475.D', u'THR 2476.D', u'GLU 2477.D', u'LYS 237.A', u'GLU 2478.D', u'ARG 2457.D', u'LYS 2481.D']
model.004.18.pdb,[u'LYS 1396.C', u'ASP 1649.C', u'LEU 1398.C', u'THR 1650.C', u'ASP 1399.C', u'ALA 1652.C', u'ASP 1653.C', u'LYS 1402.C', u'ARG 1654.C', u'PHE 1656.C', u'MET 1657.C', u'THR 1662.C', u'GLN 1667.C', u'PRO 1668.C', u'LEU 1669.C', u'VAL 1670.C', u'SER 1671.C', u'LYS 1674.C', u'LYS 1579.C', u'LYS 1580.C', u'HIS 1581.C', u'ALA 1582.C', u'LEU 1583.C', u'PHE 1584.C', u'PRO 1585.C']
model.004.19.pdb,[u'THR 2331.D', u'THR 2382.D', u'PHE 2181.D', u'ALA 2334.D', u'HIS 2335.D', u'ILE 2336.D', u'ALA 2338.D', u'GLN 2180.D', u'THR 2288.D', u'LYS 2492.D', u'ASP 2493.D', u'VAL 2494.D', u'PRO 2333.D', u'GLY 2495.D', u'ILE 2496.D', u'ASP 2497.D', u'GLY 2502.D', u'ASP 2175.D', u'GLN 2503.D', u'ASN 2504.D', u'GLU 2378.D', u'ALA 2.A', u'PRO 2208.D', u'MET 1.A', u'LYS 4.A', u'VAL 2380.D', u'HIS 2422.D', u'ILE 2423.D', u'PRO 2424.D', u'ARG 2427.D', u'PRO 2176.D', u'ARG 2377.D', u'GLY 2177.D', u'ASP 2339.D', u'MET 2178.D', u'LEU 2381.D']
model.004.20.pdb,[u'GLU 2370.D', u'PRO 2472.D', u'PHE 2373.D', u'GLU 2374.D', u'ASN 2375.D', u'ARG 1601.C', u'LEU 2376.D', u'PHE 2471.D', u'ARG 2377.D', u'TYR 2328.D', u'GLU 2378.D', u'GLY 2177.D', u'VAL 2380.D', u'LEU 2381.D', u'VAL 2332.D', u'GLN 2180.D', u'PHE 2181.D', u'SER 2379.D', u'ALA 2334.D', u'ASP 2384.D', u'TYR 2183.D', u'MET 2178.D', u'ILE 2336.D', u'ASP 2386.D', u'ALA 2387.D', u'ARG 2388.D', u'THR 2331.D', u'LYS 2492.D', u'ASP 2493.D', u'THR 1610.C', u'ARG 1598.C', u'THR 2382.D', u'ALA 1608.C', u'GLY 2383.D', u'PRO 2333.D', u'LYS 2489.D', u'PRO 2385.D', u'ILE 1602.C', u'GLU 2486.D', u'HIS 2335.D', u'ARG 2467.D', u'ILE 2468.D', u'ILE 2469.D', u'GLY 2470.D']
model.004.21.pdb,[u'ASP 702.A', u'TYR 644.A', u'GLY 493.A', u'VAL 696.A', u'THR 647.A', u'LEU 697.A', u'THR 698.A', u'PRO 649.A', u'GLY 699.A', u'ASP 700.A', u'HIS 651.A', u'PRO 701.A', u'ILE 652.A', u'THR 653.A', u'ARG 704.A', u'VAL 648.A', u'MET 1685.D', u'VAL 810.A', u'GLY 811.A', u'GLU 1689.D', u'PHE 497.A', u'ALA 650.A', u'TYR 499.A']
model.004.22.pdb,[u'THR 647.A', u'LEU 697.A', u'VAL 648.A', u'PRO 649.A', u'GLY 699.A', u'ALA 650.A', u'HIS 651.A', u'GLU 802.A', u'ILE 652.A', u'ARG 704.A', u'LEU 806.A', u'THR 698.A', u'ASP 809.A', u'GLN 496.A', u'VAL 810.A', u'LYS 808.A', u'PHE 497.A', u'ARG 1192.B', u'ARG 693.A', u'ILE 1193.B', u'ALA 1198.B', u'ALA 1199.B', u'PRO 492.A', u'THR 1200.B', u'THR 1201.B', u'ARG 783.A', u'ILE 784.A', u'GLY 493.A', u'ILE 785.A', u'GLY 786.A', u'PHE 787.A', u'PRO 788.A', u'PHE 689.A', u'GLU 690.A', u'MET 494.A', u'ASN 691.A', u'LEU 692.A', u'ASP 491.A', u'GLU 694.A', u'LYS 805.A', u'SER 695.A', u'VAL 696.A']
model.004.23.pdb,[u'TYR 2328.D', u'GLU 1588.C', u'SER 1589.C', u'GLN 2327.D', u'GLU 2378.D', u'VAL 2329.D', u'THR 2330.D', u'THR 2331.D', u'LEU 2381.D', u'VAL 2332.D', u'PRO 2333.D', u'PHE 2181.D', u'ASP 2384.D', u'HIS 2335.D', u'TYR 2183.D', u'ILE 2336.D', u'VAL 2380.D', u'ARG 2388.D', u'THR 2382.D', u'GLY 2383.D', u'LYS 2182.D', u'ALA 2334.D', u'TYR 2156.D', u'PRO 2385.D']
model.004.24.pdb,[u'GLN 643.A', u'PRO 492.A', u'SER 695.A', u'THR 646.A', u'MET 494.A', u'LEU 697.A', u'VAL 648.A', u'GLN 496.A', u'PHE 497.A', u'ALA 650.A', u'ASP 700.A', u'TYR 499.A', u'ILE 652.A', u'THR 653.A', u'ARG 704.A', u'GLY 493.A', u'MET 1685.D', u'ALA 1686.D', u'ILE 1687.D', u'VAL 696.A', u'VAL 495.A', u'ALA 520.A', u'THR 647.A', u'THR 698.A', u'PRO 524.A', u'GLY 699.A', u'PRO 649.A', u'HIS 651.A', u'ASP 491.A']
model.004.25.pdb,[u'ARG 2388.D', u'GLY 2383.D', u'VAL 2380.D', u'ASP 2175.D', u'TYR 2328.D', u'SER 2379.D', u'THR 2330.D', u'MET 2178.D', u'LEU 2381.D', u'VAL 2332.D', u'THR 2382.D', u'PRO 2333.D', u'ALA 2334.D', u'TYR 2183.D', u'ILE 2336.D', u'THR 2337.D', u'GLN 2180.D', u'THR 2287.D', u'THR 2288.D', u'PHE 2181.D', u'HIS 2335.D', u'THR 2331.D', u'GLY 2177.D']
model.004.26.pdb,[u'THR 1012.B', u'LYS 2075.D', u'GLY 1108.B', u'ALA 2076.D', u'GLN 2074.D', u'LEU 1106.B', u'THR 1013.B', u'THR 1107.B', u'VAL 1057.B', u'ARG 1113.B', u'ALA 1059.B', u'ASP 900.B', u'PRO 901.B', u'GLY 902.B', u'MET 903.B', u'THR 1055.B', u'VAL 2073.D', u'GLN 905.B', u'THR 1056.B', u'PHE 906.B', u'LYS 907.B', u'PRO 1058.B', u'TYR 1053.B', u'TYR 908.B', u'GLU 2072.D', u'HIS 1060.B', u'ILE 1061.B']
model.004.27.pdb,[u'VAL 1261.B', u'VAL 1238.B', u'THR 647.A', u'VAL 495.A', u'GLN 496.A', u'PHE 497.A', u'LYS 498.A', u'ASP 501.A', u'SER 980.B', u'PHE 981.B', u'PHE 982.B', u'GLY 983.B', u'LYS 985.B', u'ALA 1237.B', u'GLN 986.B', u'PHE 1146.B', u'LYS 987.B', u'ASP 1240.B', u'LEU 989.B', u'THR 1241.B', u'MET 1248.B', u'ASP 1244.B', u'ARG 1245.B', u'GLU 1145.B', u'THR 995.B', u'PHE 1247.B', u'PHE 996.B']
model.004.28.pdb,[u'HIS 2422.D', u'PRO 2424.D', u'ARG 2427.D', u'ARG 2377.D', u'TYR 2328.D', u'VAL 2329.D', u'GLY 2177.D', u'THR 2330.D', u'THR 2331.D', u'LEU 2381.D', u'VAL 2332.D', u'PRO 2333.D', u'PHE 2181.D', u'LYS 2182.D', u'HIS 2335.D', u'TYR 2183.D', u'ILE 2336.D', u'THR 2287.D', u'ASP 2339.D', u'GLN 2180.D', u'GLU 2378.D', u'ASP 2493.D', u'VAL 2494.D', u'MET 2178.D', u'ASP 2497.D', u'VAL 2380.D', u'ALA 2334.D', u'THR 2382.D', u'PRO 2208.D', u'GLY 2495.D', u'ASN 2504.D', u'PRO 2176.D']
model.004.29.pdb,[u'ILE 3.A', u'ALA 2.A', u'ARG 2427.D', u'ARG 153.A', u'MET 1.A', u'VAL 2380.D', u'LEU 2381.D', u'PRO 57.A', u'PRO 2333.D', u'GLY 2383.D', u'ALA 2334.D', u'HIS 2335.D', u'ILE 2336.D', u'ALA 2338.D', u'ASP 2339.D', u'LYS 2492.D', u'THR 2382.D', u'ASP 2493.D', u'VAL 2494.D', u'GLY 2495.D', u'ILE 2496.D', u'ASP 2497.D', u'GLU 5.A', u'LYS 60.A', u'LYS 4.A', u'ASN 6.A']
